{
  "training": {
    "epochs": 20,
    "final_loss": 0.02139361027425888,
    "final_accuracy": 0.9336099585062241,
    "training_time_seconds": 390.1494040489197,
    "loss_per_epoch": [
      0.44456935099890976,
      0.26362047875758077,
      0.12445438091383605,
      0.09029650553816655,
      0.14550838084341805,
      0.08431525674999737,
      0.0708495765145807,
      0.08962203560732916,
      0.03479923948752465,
      0.02433211038835713,
      0.046124631871057094,
      0.06645420380318384,
      0.10455749974754013,
      0.04768057325931235,
      0.03188464454886671,
      0.0977801527354683,
      0.014383814992291516,
      0.007250443608576402,
      0.004353719712883905,
      0.02139361027425888
    ],
    "accuracy_per_epoch": [
      0.8340248962655602,
      0.8900414937759336,
      0.8672199170124482,
      0.9024896265560166,
      0.9045643153526971,
      0.9128630705394191,
      0.8506224066390041,
      0.9315352697095436,
      0.9315352697095436,
      0.9398340248962656,
      0.8838174273858921,
      0.9273858921161826,
      0.9004149377593361,
      0.9377593360995851,
      0.9315352697095436,
      0.9253112033195021,
      0.9190871369294605,
      0.946058091286307,
      0.9315352697095436,
      0.9336099585062241
    ]
  },
  "evaluation": {
    "accuracy": 0.946058091286307,
    "precision": 0.9615384615384616,
    "recall": 0.9297520661157025,
    "f1_score": 0.9453781512605042,
    "confusion_matrix": {
      "true_positives": 225,
      "true_negatives": 231,
      "false_positives": 9,
      "false_negatives": 17
    },
    "total_test_samples": 482
  }
}